Eesnimi;perenimi;kasutajanimi;Password;OU
Aivo;Teder;aivo.teder;Passw0rd1;M³³k
Andres;Kukk;andres.kukk;Passw0rd2;Personal
Anette;Kuusk;anette.kuusk;Passw0rd3;Raamatupidamine
Annabel;J³rgens;annabel.j³rgens;Passw0rd4;Personal
Annabel;Saar;annabel.saar;Passw0rd5;M³³k
Anne;Koppel;anne.koppel;Passw0rd6;M³³k
Anneli;Koppel;anneli.koppel;Passw0rd7;Toimetajad
Anneli;Pihl;anneli.pihl;Passw0rd8;Raamatupidamine
Anneli;Roos;anneli.roos;Passw0rd9;IT
Annika;Koppel;annika.koppel;Passw0rd10;IT
Annika;Rand;annika.rand;Passw0rd11;Juhtkond
Erki;Niit;erki.niit;Passw0rd12;Haldus
Evelin;Koppel;evelin.koppel;Passw0rd13;IT
Evelin;Mets;evelin.mets;Passw0rd14;Juhtkond
Evelin;Rand;evelin.rand;Passw0rd15;Raamatupidamine
Evelin;Soosaar;evelin.soosaar;Passw0rd16;Personal
Grete;Maasikas;grete.maasikas;Passw0rd17;Personal
Grete;Oja;grete.oja;Passw0rd18;Toimetajad
Grete;Rand;grete.rand;Passw0rd19;M³³k
Grete;Teder;grete.teder;Passw0rd20;Juhtkond
Hannes;Maasik;hannes.maasik;Passw0rd21;Raamatupidamine
Hannes;R§§m;hannes.r§§m;Passw0rd22;Juhtkond
Heidi;Põrn;heidi.põrn;Passw0rd23;Haldus
Heidi;Kuusk;heidi.kuusk;Passw0rd24;M³³k
Heidy;Maasikas;heidy.maasikas;Passw0rd25;Juhtkond
Heidy;P§der;heidy.p§der;Passw0rd26;Toimetajad
Heiki;Laanemets;heiki.laanemets;Passw0rd27;Juhtkond
Heiki;Niit;heiki.niit;Passw0rd28;IT
Helena;Vool;helena.vool;Passw0rd29;Personal
Hendrik;Lepp;hendrik.lepp;Passw0rd30;Raamatupidamine
Hendrik;Lill;hendrik.lill;Passw0rd31;Personal
Hendrik;P§der;hendrik.p§der;Passw0rd32;IT
Indrek;Kask;indrek.kask;Passw0rd33;Personal
Indrek;Laanemets;indrek.laanemets;Passw0rd34;M³³k
Jaanus;Reinsalu;jaanus.reinsalu;Passw0rd35;IT
Janek;Jõrv;janek.jõrv;Passw0rd36;M³³k
Janika;Laanemets;janika.laanemets;Passw0rd37;Raamatupidamine
J³rgen;Saare;j³rgen.saare;Passw0rd38;Juhtkond
Kaia;Koppel;kaia.koppel;Passw0rd39;M³³k
Kaia;Kuusk;kaia.kuusk;Passw0rd40;Haldus
Kaia;Lepp;kaia.lepp;Passw0rd41;Toimetajad
Kaia;Lill;kaia.lill;Passw0rd42;Juhtkond
Kairit;P§der;kairit.p§der;Passw0rd43;M³³k
Kairit;Rand;kairit.rand;Passw0rd44;IT
Karina;Mets;karina.mets;Passw0rd45;Raamatupidamine
Karina;Oja;karina.oja;Passw0rd46;Toimetajad
Karina;šun;karina.§un;Passw0rd47;IT
Karl;Roos;karl.roos;Passw0rd48;Haldus
Karmen;Pihl;karmen.pihl;Passw0rd49;Haldus
Karmen;Veer;karmen.veer;Passw0rd50;Juhtkond
Karolin;Lepp;karolin.lepp;Passw0rd51;Juhtkond
Karolin;Teder;karolin.teder;Passw0rd52;Personal
Keidi;J³rgens;keidi.j³rgens;Passw0rd53;Raamatupidamine
Kertu;Pihl;kertu.pihl;Passw0rd54;Raamatupidamine
Kertu;Rand;kertu.rand;Passw0rd55;Toimetajad
Kristel;šis;kristel.§is;Passw0rd56;Toimetajad
Kristiina;Rand;kristiina.rand;Passw0rd57;Haldus
Kristiina;Lepp;kristiina.lepp;Passw0rd58;Personal
Kristjan;Laanemets;kristjan.laanemets;Passw0rd59;Toimetajad
Kristjan;Vool;kristjan.vool;Passw0rd60;IT
Kristo;Oja;kristo.oja;Passw0rd61;M³³k
Kristo;Rand;kristo.rand;Passw0rd62;Raamatupidamine
Kristo;šun;kristo.§un;Passw0rd63;Juhtkond
Kõtlin;Laanemets;kõtlin.laanemets;Passw0rd64;IT
Kõtlin;Oja;kõtlin.oja;Passw0rd65;Haldus
Kõtlin;Roos;kõtlin.roos;Passw0rd66;Toimetajad
Laura;šun;laura.§un;Passw0rd67;M³³k
Lauri;Tamme;lauri.tamme;Passw0rd68;IT
Leelo;Kuusk;leelo.kuusk;Passw0rd69;Raamatupidamine
Liina;Maasikas;liina.maasikas;Passw0rd70;Juhtkond
Liisa;Kivimõgi;liisa.kivimõgi;Passw0rd71;IT
Liisa;Oja;liisa.oja;Passw0rd72;Juhtkond
Liisi;Teder;liisi.teder;Passw0rd73;Personal
Liisi;Vool;liisi.vool;Passw0rd74;Toimetajad
Maarja;Saar;maarja.saar;Passw0rd75;Personal
Maarja;šis;maarja.§is;Passw0rd76;Juhtkond
Madis;Kuusk;madis.kuusk;Passw0rd77;Toimetajad
Madis;Kuusk;madis.kuusk;Passw0rd78;Juhtkond
Madis;Roos;madis.roos;Passw0rd79;M³³k
Madis;Tamme;madis.tamme;Passw0rd80;Raamatupidamine
Madis;Vool;madis.vool;Passw0rd81;Haldus
Margus;Reinsalu;margus.reinsalu;Passw0rd82;IT
Mari;Kask;mari.kask;Passw0rd83;IT
Maris;Pehk;maris.pehk;Passw0rd84;Haldus
Mark;Saare;mark.saare;Passw0rd85;M³³k
Marko;šun;marko.§un;Passw0rd86;Personal
Mart;Maasikas;mart.maasikas;Passw0rd87;IT
Mart;Saar;mart.saar;Passw0rd88;Personal
Marten;Roos;marten.roos;Passw0rd89;Haldus
Marten;Saare;marten.saare;Passw0rd90;Toimetajad
Marten;Vool;marten.vool;Passw0rd91;M³³k
Martin;Maasik;martin.maasik;Passw0rd92;Haldus
Martin;Teder;martin.teder;Passw0rd93;Toimetajad
Martti;Oja;martti.oja;Passw0rd94;Raamatupidamine
Meelis;Kaasik;meelis.kaasik;Passw0rd95;Personal
Meelis;P§der;meelis.p§der;Passw0rd96;Toimetajad
Mihkel;Oja;mihkel.oja;Passw0rd97;Juhtkond
Oliver;Lepp;oliver.lepp;Passw0rd98;Haldus
Oliver;Maasik;oliver.maasik;Passw0rd99;Raamatupidamine
Oliver;Pihl;oliver.pihl;Passw0rd100;Haldus
Oliver;Teder;oliver.teder;Passw0rd101;Toimetajad
Oskar;Tamm;oskar.tamm;Passw0rd102;Raamatupidamine
Priit;Tamm;priit.tamm;Passw0rd103;IT
Priit;P§der;priit.p§der;Passw0rd104;M³³k
Priit;Tamme;priit.tamme;Passw0rd105;Haldus
Priit;šun;priit.§un;Passw0rd106;Raamatupidamine
Raimo;Lill;raimo.lill;Passw0rd107;Raamatupidamine
Raimo;Lille;raimo.lille;Passw0rd108;Haldus
Raimo;P§der;raimo.p§der;Passw0rd109;Personal
Rainer;Tamme;rainer.tamme;Passw0rd110;Juhtkond
Rainer;Vaher;rainer.vaher;Passw0rd111;IT
Rita;Rand;rita.rand;Passw0rd112;Haldus
Sander;Laanemets;sander.laanemets;Passw0rd113;IT
Sandra;Maasikas;sandra.maasikas;Passw0rd114;Toimetajad
Sandra;Oja;sandra.oja;Passw0rd115;Personal
Sandra;Tamme;sandra.tamme;Passw0rd116;M³³k
Siim;Mets;siim.mets;Passw0rd117;IT
Siiri;Koppel;siiri.koppel;Passw0rd118;Haldus
Siiri;Kuusk;siiri.kuusk;Passw0rd119;Toimetajad
Siiri;Mets;siiri.mets;Passw0rd120;Raamatupidamine
Siiri;Teder;siiri.teder;Passw0rd121;Raamatupidamine
Sirje;Lille;sirje.lille;Passw0rd122;M³³k
Taavi;Mets;taavi.mets;Passw0rd123;Personal
Taavi;Uibo;taavi.uibo;Passw0rd124;Haldus
Taivo;Jõrv;taivo.jõrv;Passw0rd125;Juhtkond
Taivo;Mets;taivo.mets;Passw0rd126;Toimetajad
Tarmo;Kuusk;tarmo.kuusk;Passw0rd127;Juhtkond
Tiina;Jõrv;tiina.jõrv;Passw0rd128;M³³k
Triin;R§igas;triin.r§igas;Passw0rd129;IT
T§nu;Kask;t§nu.kask;Passw0rd130;Personal
Uku;Maasik;uku.maasik;Passw0rd131;Haldus
Viivi;Saare;viivi.saare;Passw0rd132;Raamatupidamine
